ID,workID,number,type
4,9,0722-9844,1
24,34,0570-622X,1
27,39,0194-3413,1
35,52,0758-9670,1
36,53,0570-6270,1
37,54,0337-0267,1
39,58,0750-1099,1
43,73,0249-664X,1
44,74,1141-135X,1
49,80,0035-6603,1
78,807,8386956283,2
79,809,0470844086,2
84,816,3927688002,2
85,818,0708317529,2
86,819,063122260X,2
88,823,0415253179,2
89,825,8843579053,2
91,827,8882651940,2
94,831,8885007554,2
95,833,0520068645,2
97,844,2877540669,2
98,845,2877540685,2
99,846,287754074X,2
100,847,2877540677,2
101,849,2877540588,2
103,852,2877540693,2
104,853,2877540626,2
105,854,2877540561,2
106,855,2877540553,2
107,801,2877540707,2
108,8,0075-4358,1
109,856,3786119236,2
110,860,0520081625,2
111,862,019814735X,2
112,864,019509882X,2
115,867,0415273102,2
118,872,193170726X,2
120,886,9652081078,2
121,873,8478190473,2
122,897,582680601X,2
123,898,1841713082,2
124,900,2869581637,2
125,902,0486420094,2
126,903,1841714496,2
127,905,1841714402,2
128,906,0876615329,2
129,908,1841713120,2
130,909,032500479X,2
132,912,3774924864,2
134,916,9122019790,2
135,918,380621591X,2
136,919,9004130098,2
137,921,0966323416,2
138,922,3774928401,2
139,923,1840170441,2
140,924,1841714542,2
141,925,9170811911,2
142,926,0765610949,2
143,927,3487115808,2
144,94,0001-9046,1
145,930,0569-9746,1
146,112,0003-2468,1
147,866,0066-1554,1
148,116,0929-077X,1
149,118,0066-1619,1
151,932,0003-598X,1
154,931,0003-5815,1
155,933,1083-4141,1
156,141,0342-734X,1
157,934,8870629503,2
158,936,0631222731,2
163,943,8870629791,2
164,945,1571455760,2
165,946,1402002254,2
166,947,0563488034,2
167,948,0752414550,2
176,957,8870628558,2
178,959,8882650073,2
179,960,8882650189,2
180,961,8882651584,2
181,962,8882651843,2
182,964,8870629511,2
183,966,887062921X,2
184,968,8882652262,2
185,969,8882651835,2
187,972,8882650049,2
188,974,8882650723,2
189,975,8882651045,2
190,977,8882651053,2
193,979,8870062457,2
195,985,8870230740,2
196,987,3774929556,2
197,988,8870629805,2
198,989,8870627195,2
199,990,8870626539,2
201,992,0904152383,2
202,144,0392-0038,1
203,994,0261-3409,1
204,996,3406441076,2
209,1007,9073835011,2
210,1016,052139256X,2
211,1017,912200453X,2
212,1022,3760810829,2
213,1023,1871855152,2
214,1024,1899828478,2
215,1025,3110176882,2
216,1027,2877722325,2
217,1029,3884670638,2
218,1031,3774929661,2
219,1032,8484840433,2
220,1034,9529573243,2
221,1036,0199246971,2
222,1037,2744903604,2
223,1038,1841712876,2
224,1039,965221048X,2
225,1042,0904887219,2
226,1047,0904887391,2
227,1048,0905313232,2
228,1049,087586192X,2
229,1051,1850747164,2
230,1053,0953976211,2
231,1055,1842122436,2
232,1057,0827607504,2
233,1060,1887829504,2
234,1062,3805328559,2
235,1065,9057890720,2
236,1068,9004125248,2
237,1070,1861973756,2
238,1071,1885979053,2
239,1072,3805328478,2
240,1073,3805325401,2
241,1074,2235023134,2
242,1075,8178240165,2
243,1076,9652210072,2
244,1081,0897898699,2
246,1084,887914135X,2
247,1085,8880863959,2
249,1089,3896466828,2
250,1091,0787295701,2
251,1092,8173051895,2
252,1093,8121509483,2
253,1094,8121509459,2
254,1095,9042909919,2
256,1099,3763023852,2
257,1101,0300081979,2
258,1102,2729849750,2
259,1103,0816040516,2
260,1104,3896463314,2
261,1106,1841711810,2
262,1107,1841711853,2
263,1108,2910023265,2
264,1110,1902771230,2
265,1112,351507709X,2
266,1114,0415237017,2
267,1115,8778761778,2
268,1117,0192116495,2
270,209,0067-6195,1
271,212,0006-1913,1
274,1121,0009-6067,1
277,1123,0197262554,2
279,1126,3050036354,2
280,1128,8888617000,2
281,1131,5780300542,2
282,1132,0199253447,2
283,1135,3901232311,2
284,1136,8772887745,2
286,313,0071-0989,1
287,315,0014-0015,1
290,1145,0015-7813,1
291,151,0066-6440,1
292,172,0004-6574,1
293,170,0004-6493,1
294,314,0013-9947,1
300,1148,340602212X,2
302,1154,3805307748,2
303,1156,029908700X,2
304,1160,0801846773,2
306,1165,0198150067,2
307,1171,0873655419,2
308,1172,0873655494,2
309,1175,0674778855,2
310,1176,0198143915,2
311,1181,9004096825,2
312,1183,802052193,2
313,1189,090418028X,2
314,1191,0691040605,2
315,1193,0904180050,2
316,1194,0748602097,2
317,1199,9004076441,2
318,1204,3700102267,2
319,1206,0521376955,2
320,1207,2251328645,2
321,1209,285539421X,2
322,1215,9068314998,2
323,1217,2251328548,2
325,1224,0195068696,2
326,1228,0890055246,2
327,1229,0905853237,2
328,1231,3515074716,2
329,1233,250350552X,2
330,1239,8877864923,2
331,1241,0691093709,2
332,1242,0226005445,2
333,1247,0856683922,2
334,1252,0710073720,2
335,1254,380532829X,2
336,1256,1885923015,2
337,1259,8470130579,2
338,1261,9004124403,2
339,1263,1841714755,2
340,1264,3700131259,2
341,1268,0471204889,2
342,1269,0739105612,2
343,1270,0340762683,2
344,1271,8187892005,2
345,1272,1841714844,2
346,1276,2747524272,2
347,1282,1841714720,2
348,1283,1841714690,2
349,1284,2877233839,2
350,1287,9186098101,2
351,1293,3851241819,2
352,1296,8870626954,2
353,1297,2251604057,2
354,1302,8400064038,2
355,1305,0904152154,2
356,1310,0860541975,2
357,1314,965221034X,2
358,1318,3786110646,2
359,1321,3700107854,2
360,1322,3700126182,2
364,1327,3700101341,2
365,1328,3700100175,2
366,1329,3700101813,2
367,1330,3700103069,2
368,1331,3700103646,2
369,1332,3700103654,2
370,1333,3700105975,2
371,1334,3700107838,2
372,1335,3700116950,2
373,1342,1900188406,2
374,1345,9004071512,2
375,1347,2251325077,2
376,1353,8885007791,2
377,1355,0202020185,2
378,1357,3895343358,2
379,1359,3805328214,2
380,1360,2870312059,2
381,1362,2706110511,2
382,1364,3515079149,2
383,1366,8883031008,2
384,1367,0199253749,2
385,1368,3805329156,2
386,1369,2877753255,2
387,1371,189095134X,2
388,1373,8185212783,2
389,1374,0747244367,2
390,1375,380533043X,2
391,1376,9608573904,2
392,1377,2251014292,2
393,1379,071851906X,2
395,1381,095397622X,2
396,1382,8390043475,2
397,1384,5020089664,2
398,1385,2869581726,2
399,1387,0140513485,2
400,1389,1903464196,2
401,1390,0752425390,2
402,1391,8882652017,2
403,1393,2859444556,2
404,1395,1566705576,2
405,1396,0471204897,2
406,1399,0415256070,2
407,1400,0226300714,2
408,1401,9608189071,2
409,1402,0130460273,2
410,1404,1903544041,2
411,1406,2080830031,2
412,1408,019511678X,2
413,1410,0807408018,2
414,1411,2913322794,2
415,1414,0752419463,2
416,1415,0816051232,2
417,1416,1902937198,2
418,1422,2503509479,2
419,1424,2503507972,2
420,1426,2877721949,2
421,1427,3799573593,2
422,1430,8845290557,2
423,1433,0743453573,2
424,1434,8849112823,2
425,1436,287754107X,2
426,1438,8437055237,2
427,1440,0816052190,2
428,1441,0195515579,2
429,1444,9963560423,2
430,1446,080102420X,2
431,1447,9739399177,2
432,1451,8824314503,2
433,1457,1841712744,2
434,1458,0712348042,2
435,1459,887228340X,2
436,1461,8831780115,2
437,1463,8882651401,2
438,1465,096367384X,2
439,1467,2910640086,2
440,1470,1902040260,2
441,1471,0963673823,2
442,1473,3525259506,2
443,1474,888265222X,2
444,1475,2728305927,2
445,1480,2503521789,2
446,1482,2728305889,2
447,1486,2728306419,2
448,1487,3884670719,2
449,1488,2903189676,2
450,1490,8876892095,2
451,1492,8884980585,2
452,1493,2738497195,2
453,1495,906258098X,2
454,1498,3515078916,2
455,1501,2848670177,2
456,1504,2877540243,2
457,1506,9050634583,2
458,1509,3805327102,2
459,1510,8433828207,2
460,1512,8476715609,2
461,1516,2701801362,2
462,1518,0950836397,2
463,1519,0674611268,2
464,1521,2701801265,2
465,1524,0691054185,2
466,1526,0714616346,2
467,1528,2708982915,2
468,1536,0510032052,2
469,1537,0300043147,2
470,1539,2708982958,2
471,1540,3806211892,2
472,1541,3806202427,2
473,1542,2708401076,2
474,1544,0907132081,2
475,1545,2251605223,2
476,1555,378611675X,2
477,1558,290318934X,2
478,1561,2222034167,2
479,1562,2213592365,2
480,1563,2222023114,2
481,1568,1850740615,2
482,1569,0271004169,2
483,1574,8871400607,2
484,1575,2724701224,2
485,1577,185074209X,2
486,1581,225133307X,2
487,1583,0905205251,2
488,1588,0691036802,2
489,1592,2869580371,2
490,1594,9072019016,2
491,1596,0883-9514,1
492,1598,8878132659,2
493,1600,0691055491,2
494,981,8871230809,2
495,1164,0198148283,2
496,1602,0674777557,2
497,1603,0714123005,2
498,1605,0904531961,2
499,1606,0198144733,2
500,1607,2728300593,2
501,1608,2865380890,2
502,1613,0415008379,2
503,1615,2222046653,2
504,1619,882403957X,2
505,1621,088402122X,2
506,1623,9170810990,2
507,1626,3805305702,2
508,1628,0860543501,2
509,1630,0860543617,2
510,1632,348706264X,2
511,1634,9050635083,2
512,1637,2717720499,2
513,1638,0520073037,2
514,1639,0900891580,2
515,1644,0226086356,2
516,1657,0424062003,2
517,1662,8871400364,2
518,1664,887686041X,2
519,1667,1887829156,2
520,1668,2724702409,2
521,1671,0292712111,2
522,1672,1872414354,2
523,1675,0860541428,2
524,1678,3515068279,2
525,1680,2251333088,2
526,1681,2728300488,2
527,1682,0852634587,2
528,1684,2728301158,2
529,1685,2877720500,2
530,1687,3806201900,2
531,1689,3700108117,2
532,1690,2866391160 : 33,2
533,1700,888502050X,2
534,1703,0520083296,2
535,1704,0815550170,2
536,1709,0814714161,2
537,1711,0460044486,2
538,1713,8872840309,2
539,1715,0904152081,2
540,1717,0521076072,2
541,1719,2903504245,2
542,1721,8871400275,2
543,1724,8870626849,2
544,1725,0950134546,2
545,1727,0195072804,2
546,1728,0713460857,2
547,1730,0802058418,2
548,1732,9004094237,2
549,1734,8872280621,2
550,1737,2701800366,2
551,1742,380531521X,2
552,1747,8870627144,2
553,1749,8830407968,2
554,1754,8876420681,2
555,1758,2717102760,2
556,1760,2869580355,2
557,1762,2869580797,2
558,1764,340607992X,2
559,1768,8876811168,2
560,1769,8772887400,2
561,1770,0801418011,2
562,1776,0415003423,2
563,1777,272830193X,2
564,1782,9062552099,2
565,1785,2728300704,2
566,1787,2728301689,2
567,1790,0860542394,2
568,1791,9170421196,2
569,1793,0860548252,2
570,1795,9061860377,2
572,1797,3805313209,2
573,1800,2724700333,2
574,1802,0520034333,2
575,1804,2869580053,2
576,1805,2222041147,2
577,1806,3406356427,2
578,1807,0788504126,2
579,1810,0897222695,2
580,1812,1841713228,2
581,1813,3774930325,2
582,1815,8821808750,2
583,1817,8821808777,2
584,1818,0470847395,2
585,1819,1841714976,2
586,1820,0197270123,2
587,1822,1841713031,2
588,1823,0903903237,2
589,1825,184171464X,2
590,1826,1841714186,2
591,1827,0860540448,2
592,1828,2903442738,2
593,1829,8427606028,2
594,1830,8460025993,2
595,1836,0881430277,2
596,1839,3406334504,2
597,1840,0860548090,2
598,1841,8824038212,2
599,1843,0813721091,2
600,1849,9070265877,2
601,1850,9050630537,2
602,1858,0198131925,2
603,1859,0904152073,2
604,1860,0860541231,2
605,1862,0521250889,2
606,1864,0907764118,2
607,1871,9630530171,2
608,1876,5895260012,2
609,1877,2904582002,2
610,1878,3110036126,2
611,1880,3406333036,2
612,1881,0801420415,2
613,1882,0674258657,2
614,1885,1555409369,2
615,1892,2735106225,2
616,1895,8881470764,2
617,1898,0856683671,2
618,1899,0860544184,2
619,1903,3534059581,2
620,1905,3884670344,2
621,1908,9025609422,2
622,1909,8487004032,2
623,1913,2877720578,2
624,1917,0198146949,2
625,1918,8830410128,2
626,1920,0292727992,2
627,1921,2222030617,2
628,1927,0582764769,2
629,1932,2851211153,2
630,1934,2735106322,2
631,1938,9170810338,2
632,1939,3805318030,2
633,1941,3515045511,2
634,1942,9179160352,2
635,1946,0674857518,2
636,1948,0674789253,2
637,1949,0852244169,2
639,1952,0197270085,2
640,1953,0198144725,2
641,1954,0198142978,2
642,1955,0500021112,2
643,1957,9025610129,2
644,1958,0691038635,2
645,1959,9607094794,2
646,1960,9607094727,2
647,1961,0860547698,2
648,1963,0199221626,2
649,1001,0198202342,2
650,1006,0631171061,2
651,1965,380620814X,2
652,1967,3534073142,2
653,1969,377491205X,2
654,1970,3700107714,2
655,1972,9025606431,2
656,1973,2903264171,2
657,1978,3700101686,2
658,1979,0300049773,2
659,1981,0860543234,2
660,1984,3786118698,2
661,1986,9004086129,2
662,1993,344702576X,2
663,1995,0198148445,2
664,1998,3920153685,2
665,2000,0943872162,2
666,2003,086054172X,2
667,2004,9004069216,2
668,2005,0198149263,2
669,2014,0713459581,2
670,2018,0854270418,2
671,2019,0631137912,2
672,2021,8323302030,2
674,2031,071412043X,2
675,2034,0860541657,2
676,2035,0292770456,2
677,2038,0859761576,2
678,2039,3496001917,2
679,2042,0521281717,2
680,2043,3774923698,2
681,2047,8460008142,2
682,2049,0520096762,2
683,2051,0520097564,2
684,2052,2865380718,2
685,2057,080782139X,2
686,2060,5020100870,2
688,2067,0860540200,2
689,2071,3805304757,2
690,2073,3631429355,2
691,2076,2911971000,2
692,2078,8875144400,2
693,2081,0876612192,2
694,2083,2728303606,2
695,2087,3700119747,2
696,2088,2204010057,2
697,2090,0876615167,2
698,2092,847234018X,2
699,2094,2222037468,2
700,2096,2222019508,2
701,2097,2222026768,2
702,2099,3406333028,2
703,2101,2701800056,2
704,2102,2735106195,2
705,2104,0904918106,2
706,2106,0815550480,2
707,2107,0815550561,2
708,2110,3515060189,2
709,2115,2858020124,2
710,2116,2728300607,2
711,2119,9652210099,2
712,2120,3150103339,2
713,2124,2251606130,2
714,2125,902561101X,2
715,2127,8400046501,2
716,2130,2903504032,2
717,2132,086054379X,2
718,2133,0889209650,2
719,2134,3700104227,2
720,2135,3406317499,2
721,2137,9963560016,2
722,2138,3700121431,2
723,2139,8474812143,2
724,2141,8486192315,2
725,2143,2251603379,2
726,2144,2701800226,2
727,2145,0708307744,2
728,2147,0860543749,2
729,2148,0860546810,2
730,2149,3803017602,2
731,2151,0212970011,2
732,2156,8772883111,2
733,2157,0472106589,2
734,2158,1900188147,2
735,2161,8886192045,2
736,2164,0816606366,2
737,2165,019727000X,2
738,2166,0198142668,2
739,2167,0198148100,2
740,2168,9062580580,2
741,2169,5020099473,2
742,2170,3806203644,2
743,2171,8843532103,2
744,2174,8871400399,2
745,2175,8870628027,2
746,2176,3402058448,2
747,2180,0198149336,2
748,2181,3110066637,2
749,2183,3879402272,2
750,2185,8385018018,2
751,2188,8301083891,2
752,2191,0710077149,2
753,2193,3920153626,2
754,2194,8870628736,2
755,2197,8824039537,2
756,2199,0198149212,2
757,2200,2708400924,2
758,2201,3803017610,2
760,2203,2735503550,2
761,2205,3803010357,2
762,2206,3803010225,2
763,2207,091188632X,2
764,2209,0520076850,2
765,2214,0520073827,2
766,2215,9062552005,2
767,2218,900768258,2
768,2222,9185058645,2
769,2223,0904531600,2
770,2225,0856684252,2
771,2227,380530403X,2
772,2231,0521393264,2
773,2233,0904152286,2
774,2235,9004072438,2
775,2236,3534093887,2
776,2242,3406004911,2
777,2243,8474881250,2
778,2245,0521360269,2
779,2247,0853232385,2
780,2249,0865162433,2
781,2250,9025607934,2
782,2251,2869580142,2
783,2256,0897571061,2
784,2258,0860544389,2
785,2267,0884022218,2
786,2268,3406075983,2
787,2269,0500050414,2
788,2270,0500390274,2
789,2272,2717102132,2
790,2273,0713432381,2
791,2278,3406004970,2
792,2279,3805310846,2
793,2282,2222043727,2
794,2284,3854540787,2
795,2292,0907764053,2
796,2295,8460061019,2
797,2302,0952107317,2
798,2304,0904152316,2
799,2305,0904857018,2
800,2306,0907764207,2
801,2312,0860541193,2
802,2313,9050633161,2
803,2314,2222047293,2
804,2317,2222021898,2
805,2318,2222032334,2
806,2325,3805300697,2
807,2329,071903647X,2
808,2331,3770116569,2
809,2333,0500050724,2
810,2334,0860547353,2
811,2340,3150102626,2
812,2342,0198140045,2
813,2343,0801843006,2
814,2344,0713420774,2
815,2345,0713458607,2
816,2351,2869580150,2
817,2352,0405102852,2
818,2357,0906780519,2
819,2362,2222038669,2
820,2364,2903399018,2
821,2367,8870625214,2
822,2368,9170810583,2
823,2369,3515027610,2
824,2370,3805315449,2
825,2372,0674968506,2
826,2374,041510243X,2
827,2375,2708982400,2
828,2380,2728301336,2
829,2384,9050633269,2
830,2389,3700127669,2
831,2391,3900305196,2
832,2394,3774923949,2
833,2395,3406429246,2
834,2397,0567022420,2
835,2398,0951037749,2
836,2400,0801405491,2
837,2404,198215452,2
838,2405,0860542319,2
839,2407,388226246X,2
840,2408,0884021165,2
841,2409,0884021157,2
842,2410,0884021521,2
843,2411,2251604766,2
844,2415,0788504460,2
845,2416,0198148682,2
846,2421,9057890011,2
847,2422,9057890259,2
848,2423,3406080634,2
849,2429,0907041078,2
850,2431,2728303177,2
851,2432,1856287076,2
852,2434,090453166X,2
853,2435,0802059481,2
854,2437,9630513072,2
855,2438,3406304532,2
856,2439,9170810680,2
857,2440,086054804X,2
858,2450,0674046269,2
859,2452,0198131909,2
860,2454,0950802611,2
861,2455,0900341246,2
862,2460,0198149433,2
863,2461,2705306706,2
864,2468,0691035938,2
865,2472,3882260017,2
866,2473,0862998786,2
867,2475,3700127332,2
868,2476,0198143931,2
869,2477,9004104488,2
870,2480,0876615140,2
871,2485,3803010365,2
872,2488,2222015898,2
873,2489,0897221923,2
874,2490,0571098029,2
875,2492,9652210161,2
876,2496,3406345689,2
877,2498,3406079814,2
878,2499,3806203512,2
879,2500,2735102505,2
880,2501,2877721639,2
881,2504,2222046017,2
882,2507,9004104844,2
883,2509,8870970345,2
884,2511,902560790X,2
885,2517,2222017254,2
886,2518,8460491196,2
887,2519,0860542904,2
888,2520,380531910X,2
889,2521,3806204888,2
890,2522,0521073553,2
891,2526,8872281652,2
892,2527,3803017181,2
893,2529,3803017246,2
894,2533,3805310374,2
895,2535,0713473193,2
896,2536,3805307888,2
897,2537,2724700503,2
898,2538,3515041834,2
899,2540,3774924287,2
900,2541,0965402916,2
901,2543,9635631219,2
902,2545,9525323048,2
903,2548,1405101857,2
904,2549,1842170368,2
905,2550,3805302509,2
906,2551,9652210447,2
907,2552,9652743445,2
908,2553,0810848465,2
909,2555,9058095401,2
910,2556,0520200985,2
911,2558,0876615183,2
912,2559,0804708983,2
913,2560,3884670034,2
914,2564,019822799X,2
915,2565,0890031126,2
916,2567,0870993895,2
917,2569,3110083108,2
918,2570,3406376193,2
919,2572,0520052978,2
920,2573,0710062850,2
921,2574,0631146717,2
922,2575,0952107309,2
923,2576,0856680788,2
924,2577,0856686581,2
925,2579,0246113960,2
926,2582,9185058785,2
927,2583,0946897972,2
928,2584,340632357X,2
929,2585,0932206808,2
930,2588,0888540191,2
931,2590,3700103050,2
932,2594,3533035131,2
933,2596,0198148690,2
934,2597,2222044146,2
935,2598,2735502015,2
936,2599,2859440852,2
937,2603,3900518017,2
938,2605,0759104077,2
939,2606,3830910673,2
940,2608,0947816518,2
941,2610,2728303983,2
942,2611,3805328923,2
943,2612,2744903833,2
944,2614,3406107524,2
945,2615,1902771168,2
946,2617,1901992284,2
947,2619,8479085924,2
948,2621,9170421544,2
949,2622,3805328222,2
950,2625,9050630863,2
951,2627,2903264023,2
952,2630,089130262X,2
953,2642,0860543978,2
954,2645,0226005003,2
955,2646,5901006127,2
956,2658,3792701944,2
957,2668,2903264139,2
958,2669,0713473126,2
959,2677,090559407X,2
960,2685,8440410476,2
961,2690,0860546829,2
962,2692,380530756X,2
963,2694,2869580266,2
964,2699,2877720926,2
965,2702,2801700614,2
966,2706,0890054827,2
967,2712,379270868X,2
968,2716,3882264853,2
969,2717,0870571184,2
970,2718,380531793X,2
971,2721,3447026723,2
972,2732,3447028629,2
973,2738,2503505848,2
974,2742,0691099170,2
975,2744,0790514257,2
976,2748,3496004541,2
977,2750,9608501938,2
978,2755,883175470X,2
979,2758,1555406424,2
980,2760,8886166362,2
981,2763,3805309376,2
982,2774,5648008872,2
983,2780,2110810424,2
984,2785,3805302762,2
985,2787,3525251467,2
986,2789,9073782708,2
987,2790,0907132324,2
989,2794,1555407935,2
990,2796,2705301216,2
991,2798,8831753916,2
992,2799,9607094018,2
993,2802,0790525534,2
994,2823,3920153464,2
995,2831,0949003131,2
996,2834,0802052258,2
997,2839,270530262X,2
998,2840,3925036342,2
999,2842,0299126404,2
1000,2844,3786115303,2
1001,2845,3786123179,2
1002,2846,0916710432,2
1003,2847,3786115966,2
1004,2867,3487118475,2
1005,2869,8843016474,2
1006,2872,2842871774,2
1007,2873,075242906X,2
1008,2875,1844010090,2
1009,2877,2903189668,2
1010,2880,9025611133,2
1011,2881,8886359322,2
1012,2882,8882652106,2
1013,2883,2903264740,2
1015,2885,8842026905,2
1016,2886,9004101969,2
1017,2887,0860540804,2
1018,2888,2701800269,2
1019,2890,2222047137,2
1020,2891,0860543129,2
1021,2892,0819124486,2
1022,2895,2708947192,2
1023,2897,190018852X,2
1024,2900,0856680842,2
1026,2902,1873132018,2
1027,2905,0947816445,2
1028,2907,0198217390,2
1029,2908,3786118604,2
1030,2910,0500990417,2
1031,2913,0814316840,2
1032,2914,086054303X,2
1033,2915,9963557082,2
1034,2921,2222031656,2
1035,2922,2701800943,2
1036,2925,8822238249,2
1037,2926,2903189382,2
1038,2929,2728303150,2
1039,2931,2735502414,2
1040,2932,0710208952,2
1041,2933,2903189390,2
1044,2938,8880861506,2
1045,2940,2851210513,2
1046,2941,2728301832,2
1047,2942,2724701399,2
1048,2944,2251605088,2
1049,2945,0859893642,2
1050,2946,0121983803,2
1051,2948,502009479X,2
1052,2954,3805309333,2
1053,2956,0860541274,2
1054,2957,8478200517,2
1055,2965,3803017149,2
1056,2966,0860541983,2
1057,2967,3774925240,2
1058,2968,0813113709,2
1059,2969,1898249032,2
1060,2970,8876420711,2
1061,971,8870629848,2
1062,2974,2903264449,2
1063,2975,2908912236,2
1064,2978,830108748X,2
1065,2983,2903442436,2
1067,2989,3525824262,2
1068,2991,8843550225,2
1069,2994,2853990532,2
1070,2995,0931464196,2
1071,2997,9062584047,2
1072,3009,9053562370,2
1073,3011,271650041X,2
1074,3013,019814928X,2
1075,3014,2869581602,2
1076,3015,3900538042,2
1077,3016,1898249113,2
1078,3017,8748006262,2
1079,3018,0860547000,2
1080,3019,3924734194,2
1082,3022,0840365381,2
1083,3025,380621171X,2
1084,3026,2735501159,2
1085,3027,3792712520,2
1086,3029,3525823762,2
1087,3030,8811885132,2
1088,3032,019814864X,2
1089,3033,0631127305,2
1090,3034,8873432336,2
1091,3035,0788503936,2
1092,3037,0874745268,2
1093,3039,2222040744,2
1094,3044,0714112925,2
1095,3046,3496026073,2
1096,3048,8843511564,2
1097,3049,8822244664,2
1098,3051,0946897891,2
1099,3052,0892414235,2
1100,3053,0904887294,2
1101,3055,0860543285,2
1102,3059,8870626628,2
1103,3061,9068318446,2
1104,3062,2251604278,2
1105,3064,8882690245,2
1106,3065,2251328459,2
1107,3066,2701800757,2
1108,3067,0906090121,2
1109,3070,2728301395,2
1110,3071,9071211193,2
1111,3072,0894681958,2
1112,3077,8822239040,2
1113,3078,1887829199,2
1114,3079,8871230086,2
1115,3082,0802000339,2
1116,3084,8773042919,2
1117,3087,2904337156,2
1118,3091,9004103783,2
1119,3092,185075666X,2
1120,3094,9630513013,2
1121,3095,8877510684,2
1122,3097,284050054X,2
1123,3099,8880800043,2
1124,3104,9004077928,2
1125,3107,9519690220,2
1126,3110,2222030919,2
1127,3112,3774926484,2
1128,3113,3428046013,2
1129,3115,0917956729,2
1130,3116,3443210406,2
1131,3121,1900188023,2
1132,3122,8823600456,2
1133,3124,0860542890,2
1134,3127,0860541266,2
1135,3128,2708923722,2
1136,3132,3928034715,2
1137,3133,9061865298,2
1138,3135,3515064982,2
1139,3136,0946172250,2
1140,3139,2906160105,2
1141,3141,0860541207,2
1142,3143,9024737931,2
1143,3146,5376008029,2
1144,3147,9068310461,2
1145,3149,8487342922,2
1146,3150,2222041139,2
1147,3152,3496007443,2
1148,3153,3700119739,2
1149,3155,8880800108,2
1150,3158,2903264155,2
1151,3159,8885085059,2
1152,3162,8876441093,2
1153,3164,0236176803,2
1154,3165,8390050404,2
1155,3168,3803010403,2
1156,3169,0691035946,2
1157,3170,0860540855,2
1158,3171,0878500804,2
1159,3173,3792704986,2
1160,3175,3786112037,2
1161,3176,3921533309,2
1162,3180,906258067X,2
1163,3183,0856680834,2
1164,3187,3805305583,2
1165,3188,2222029295,2
1166,3190,3412850748,2
1167,3192,9652237337,2
1168,3193,8842206989,2
1169,3212,8300010521,2
1170,3214,8323203784,2
1171,3215,8323205957,2
1172,3216,9150605704,2
1173,3218,0415150906,2
1174,3222,3406337333,2
1175,3228,3805311087,2
1176,3230,3906290271,2
1177,3233,847506177X,2
1178,3238,9652170631,2
1179,3242,9602201274,2
1180,3243,3205042867,2
1181,3245,3786117012,2
1182,3246,5806603210,2
1183,3261,2908774100,2
1184,3262,3924734372,2
1185,3263,2904638563,2
1186,3267,2728301492,2
1187,3269,2877720616,2
1188,3271,8876810986,2
1189,3277,8874486049,2
1190,3281,2251013326,2
1191,3282,0713460466,2
1192,3283,2251602364,2
1193,3284,2859980970,2
1194,3286,0198140312,2
1195,3291,3792708760,2
1196,3296,3950009108,2
1197,3299,380530871X,2
1198,3301,8842026581,2
1199,3305,0860547590,2
1200,3307,2735105032,2
1201,3312,3515040811,2
1202,3314,8304032503,2
1203,3317,2906190055,2
1204,3322,2907597019,2
1205,3325,2877720756,2
1206,3327,8477230218,2
1207,3329,8450547520,2
1208,3332,3786113327,2
1209,3340,3882264675,2
1210,3343,2222034108,2
1211,3354,3806204950,2
1212,3360,867131037X,2
1213,3364,3882260181,2
1214,3365,2724701437,2
1215,3368,8750025597,2
1216,3372,351506804X,2
1217,3374,552000479X,2
1218,3375,5110007012,2
1219,3377,3882260785,2
1220,3378,5020094390,2
1221,3381,5020094137,2
1222,3385,512001531X,2
1223,3389,290230966X,2
1224,3390,2110808551,2
1225,3395,3412034924,2
1226,3396,5511004804,2
1227,3397,3527175318,2
1228,3399,9732703237,2
1229,3404,5020272264,2
1230,3406,5857590841,2
1231,3407,5020272639,2
1232,3410,3806205981,2
1233,3411,8440068719,2
1234,3416,2904974075,2
1235,3423,8750031600,2
1236,3425,8450097037,2
1237,3426,8450553032,2
1238,3428,290619011X,2
1239,3432,2904974024,2
1240,3433,290619008X,2
1241,3445,5833802806,2
1242,3453,8870970213,2
1243,3459,2735106365,2
1244,3466,5120006809,2
1245,3468,5020094382,2
1246,3476,2251004467,2
1247,3478,0904152235,2
1248,3480,8772885033,2
1249,3481,0860544117,2
1250,3491,8870581373,2
1251,3500,9029099178,2
1252,3504,3784750672,2
1253,3507,0903101602,2
1254,3512,3878386303,2
1255,3513,3896463071,2
1256,3520,1841715077,2
1257,3521,0752425080,2
1258,3522,8843014242,2
1259,3524,2735504573,2
1260,3526,3515080538,2
1261,3527,3525539703,2
1262,3529,3805330901,2
1263,3530,0752414216,2
1264,3532,8871401964,2
1265,3533,3882262346,2
1266,3539,8824004709,2
1267,3547,2857444966,2
1268,3548,2717712372,2
1269,3554,888524002X,2
1270,3558,2906190195,2
1271,3564,2705313109,2
1272,3567,8831753770,2
1273,3569,287844020X,2
1274,3572,8460609308,2
1275,3575,8878141046,2
1276,3576,1854500058,2
1277,3577,9757538310,2
1278,3579,2708947621,2
1279,3580,9231023764,2
1280,3582,848632906X,2
1281,3594,X,2
1286,3652,9004098240,2
1287,3653,2717713352,2
1288,3656,975171432X,2
1290,3669,3515025537,2
1291,3675,8836600808,2
1294,3687,2717714782,2
1295,3690,9751600235,2
1296,3699,2950559506,2
1310,119,0003-391X,1
1311,134,0003-8113,1
1312,137,-8522,1
1314,3942,0856681601,2
1315,3945,3786116075,2
1316,3947,2870311184,2
1317,3948,3774916365,2
1318,3949,0521237858,2
1319,3953,0950077917,2
1320,3961,2724701925,2
1321,3966,2852790378,2
1322,3968,2851210297,2
1324,3970,0198142943,2
1325,3977,340604798X,2
1326,3978,0891302581,2
1327,3980,0198131658,2
1328,147,0390-0592,1
1329,154,0044-8737,1
1330,3986,0571-0669,1
1331,3987,0568-5621,1
1332,3994,0236401475,2
1333,3995,8877865342,2
1334,3998,3877600654,2
1335,4000,9004041818,2
1336,4003,3806205310,2
1337,4004,3525536542,2
1338,4007,040504805X,2
1339,4009,3110023709,2
1340,4011,0856681504,2
1341,4017,3110049902,2
1342,4028,830110130X,2
1343,4031,2717106359,2
1344,4032,9051701756,2
1345,4034,9068310682,2
1346,4036,2909142035,2
1347,4038,918609890X,2
1348,4040,3806203288,2
1349,4042,0906090431,2
1350,4044,0901072257,2
1351,4046,3806202761,2
1352,4047,8876861726,2
1353,4051,8876890742,2
1354,4053,3215065622,2
1355,4055,071410986X,2
1356,4069,3406352057,2
1357,4071,8460082385,2
1358,4073,286538182X,2
1359,4080,953150069X,2
1360,4083,2723426327,2
1361,4085,0571090990,2
1362,4086,5856540239,2
1363,4088,9022839354,2
1364,4091,378475080X,2
1365,4093,5120015344,2
1367,4130,3774930740,2
1368,4132,8887114684,2
1369,4133,8880581309,2
1370,4135,8843584979,2
1372,4140,0067-270X,1
1373,4142,0752425560,2
1374,4143,0766834751,2
1375,4144,1589480759,2
1376,4145,0471445665,2
1377,4147,8882652025,2
1378,4148,1841714453,2
1379,4149,8882652122,2
1380,4150,1841713279,2
1381,4151,184171318X,2
1382,4152,1841715182,2
1383,4153,0199260192,2
1384,4155,9004127283,2
1386,204,0392-0356,1
1389,4168,3795407591,2
1390,4177,2724702247,2
1391,4186,2852791285,2
1392,4197,3150102960,2
1393,4201,9548405059,2
1394,4204,552000742X,2
1396,4219,0004-5322,1
1397,239,0012-2327,1
1398,4230,8322705085,2
1400,4236,2906190063,2
1401,4238,0933175256,2
1404,4246,2283604516,2
1405,4248,5520014639,2
1406,4252,0860610349,2
1407,4260,0701134461,2
1408,4264,3906376001,2
1411,4275,2910865053,2
1412,4284,3700106319,2
1413,4285,552000191X,2
1415,259,0526-8478,1
1417,264,0008-591X,1
1418,271,0069-3715,1
1419,4306,0009-8337,1
1420,278,0084-9189,1
1421,283,0563-2129,1
1423,4308,996360708X,2
1424,4315,290173720X,2
1425,4321,3515061460,2
1426,4326,2907594079,2
1427,4330,8772885653,2
1429,4336,2717714308,2
1430,4342,8806116444,2
1432,4344,8874481586,2
1433,4345,8471914476,2
1434,4347,2735500616,2
1435,4352,8385483306,2
1439,294,0417-4046,1
1440,297,0419-6252,1
1441,303,0012-8376,1
1442,307,0951-1822,1
1443,309,0340-627X,1
1444,1141,0071-108X,1
1445,4364,0506-4589,1
1447,375,0019-7262,1
1448,321,0531-2175,1
1449,1146,1057-2414,1
1450,378,0305-7445,1
1451,385,0021-1753,1
1452,388,0075-2711,1
1453,401,0021-8537,1
1454,402,0021-910X,1
1455,403,0075-4250,1
1456,4366,0014-4738,1
1457,1144,1131-8848,1
1458,328,0239-8524,1
1459,329,0210-2366,1
1460,4367,888626111X,2
1461,332,0071-9757,1
1462,4368,0071-9897,1
1463,336,0210-6116,1
1464,340,0016-7258,1
1465,341,1121-8940,1
1466,342,0016-7479,1
1467,350,0344-385X,1
1468,353,0210-7694,1
1469,355,0363-5570,1
1470,365,0351-2193,1
1471,4371,0350-6320,1
1472,4372,-6320,1
1473,370,1125-3878,1
1474,406,0022-4480,1
1475,415,0022-7498,1
1476,419,0452-0467,1
1477,4378,0221-5896,1
1478,4379,0454-6245,1
1479,428,0042-0409,1
1480,431,0350-414X,1
1481,85,0023-8856,1
1484,435,0075-8914,1
1485,4383,0459-3049,1
1487,4385,1220-5222,1
1488,4388,0076-230X,1
1489,4390,0035-0745,1
1490,470,0375-9857,1
1491,4391,0545-0373,1
1492,4392,0324-1793,1
1493,4393,0027-4054,1
1494,483,0084-9308,1
1495,487,0989-5671,1
1496,490,0029-6015,1
1497,4395,0030-0691,1
1498,497,0392-4645,1
1499,498,0473-0992,1
1500,499,1161-0344,1
1501,4400,0030-5367,1
1502,501,0085-4522,1
1503,510,0552-9344,1
1504,513,0031-0506,1
1505,4402,0553-6707,1
1506,523,0031-7985,1
1507,524,0031-8299,1
1508,2022,0083-4300,1
1509,534,0032-8472,1
1510,4406,0373-7527,1
1511,4407,0079-7138,1
1512,558,0033-5894,1
1513,70,0335-3958,1
1514,585,0767-709X,1
1515,57,0035-1008,1
1516,4411,0035-1059,1
1517,588,0241-7413,1
1518,617,0391-8718,1
1519,623,0582-673X,1
1520,625,0037-458X,1
1521,4417,0917-1614,1
1522,628,0583-4554,1
1523,634,0350-0241,1
1525,645,0585-5047,1
1526,1122,0213-2052,1
1527,653,0309-7803,1
1528,660,0333-7618,1
1529,662,0167-7411,1
1530,4419,0068-1032,1
1531,4420,0568-5079,1
1532,4421,8890016779,2
1533,4423,8400078888,2
1534,4425,3700131593,2
1535,4426,0521288851,2
1536,4428,0470844094,2
1537,670,-7355,1
1538,4429,0042-5079,1
1539,672,0506-8126,1
1540,691,0084-5302,1
1541,692,0372-8854,1
1542,4431,0044-3476,1
1543,14,0003-8105,1
1544,4432,0892367253,2
1545,4433,3700132050,2
1546,15,0570-1554,1
1547,4434,2503509983,2
1548,4436,8495306824,2
1549,4438,0415285488,2
1550,13,0905-7196,1
1551,4443,8885699898,2
1552,12,0001-494X,1
1553,17,0044-5975,1
1555,18,0066-2348,1
1556,19,0066-6742,1
1558,21,0835-3638,1
1559,4448,0773-5812,1
1560,22,0066-5983,1
1561,23,0002-9114,1
1562,24,0362-8914,1
1563,25,0221-4792,1
1564,27,0066-1546,1
1565,28,0066-4871,1
1566,29,-8652,1
1567,31,0391-8165,1
1568,32,0257-1951,1
1569,36,0350-2600,1
1570,40,0570-6084,1
1572,43,0350-2503,1
1573,45,0570-8958,1
1575,4454,-8966,1
1576,173,0342-1295,1
1577,182,0583-7952,1
1578,4458,0003-570X,1
1581,188,0525-1133,1
1582,189,0418-9698,1
1583,192,0068-4015,1
1584,77,0221-8321,1
1585,4459,0003-1186,1
1586,20,0003-097X,1
1587,195,0004-5527,1
1588,198,0007-4217,1
1589,200,0391-9854,1
1590,201,1120-2742,1
1591,4461,0366-4228,1
1592,4463,2869060327,2
1593,4465,3110067102,2
1595,216,0067-9976,1
1596,217,0021-7239,1
1597,4470,8877020032,2
1598,958,8870628884,2
1599,230,0068-113X,1
1600,4473,0068-2454,1
1601,234,0081-1181,1
1602,4476,0330-8138,1
1603,250,0378-2506,1
1604,251,0007-7704,1
1605,81,0575-1217,1
1606,4477,0008-0012,1
1607,4478,0068-4945,1
1608,4479,0008-008X,1
1609,274,0278-6656,1
1610,76,-108X,1
1611,287,0419-0653,1
1613,282,0068-5895,1
1614,284,0009-8418,1
1615,285,0070-251X,1
1616,4484,0769-010X,1
1617,84,0184-1068,1
1618,4485,0068-1288,1
1619,730,0021-9231,1
1620,4486,0070-7546,1
1621,731,0108-464X,1
1622,4487,0075-4234,1
1623,4489,0075-4269,1
1624,397,0022-2968,1
1626,721,0046-1628,1
1627,732,0378-8660,1
1628,4491,0012-9356,1
1629,4492,0075-0468,1
1631,312,0013-9572,1
1632,4496,-6863,1
1633,326,0071-9706,1
1635,337,0016-4119,1
1636,4497,0994-8899,1
1640,4503,0017-3894,1
1641,351,0017-3916,1
1642,352,0018-0173,1
1643,359,0018-098X,1
1644,725,0073-0688,1
1645,369,0021-2059,1
1646,380,0578-6967,1
1647,381,0021-0870,1
1648,4505,0066-6033,1
1649,384,0021-0889,1
1650,386,0341-9142,1
1651,729,0003-0279,1
1652,389,0065-9991,1
1653,4507,1121-5275,1
1654,400,0021-8103,1
1655,4508,0022-5185,1
1656,417,0453-3429,1
1657,420,0075-6334,1
1658,4510,0130-2620,1
1660,4513,0334-455X,1
1661,437,0459-2980,1
1662,444,-1639,1
1663,445,0065-6801,1
1664,733,0418-9744,1
1665,4517,0075-7039,1
1666,4519,0543-0739,1
1667,454,0722-4532,1
1668,488,0391-8157,1
1669,494,0262-5253,1
1670,4490,0078-3579,1
1671,496,0078-5520,1
1672,505,0732-1635,1
1673,508,0078-7868,1
1674,509,0393-0149,1
1675,4531,0031-2355,1
1676,517,0068-2462,1
1677,519,0031-0328,1
1678,739,0079-0893,1
1680,527,0032-6275,1
1681,4534,0033-4839,1
1682,549,0079-8258,1
1683,560,0556-7203,1
1684,4537,0351-6709,1
1685,4539,3806208549,2
1686,4540,9728318340,2
1687,4541,8472836525,2
1688,4542,3760840876,2
1689,4544,0313321418,2
1690,4546,3805327064,2
1691,4548,1575060833,2
1692,4549,0674012232,2
1693,4550,0715631616,2
1694,79,0557-7705,1
1695,4552,0080-3421,1
1696,86,0035-2004,1
1697,4556,0373-5729,1
1698,4557,0035-2039,1
1699,4558,0373-5737,1
1700,4559,0080-2549,1
1701,581,0035-0737,1
1702,582,0035-0907,1
1703,65,0035-1652,1
1704,4561,0080-3537,1
1705,657,0271-4442,1
1706,620,0081-6124,1
1707,624,-4571,1
1708,4564,0042-4617,1
1709,626,0209-1755,1
1710,749,0081-8232,1
1711,631,-6949,1
1712,633,-3834,1
1713,635,0391-7762,1
1714,643,0557-3122,1
1715,642,-4954,1
1716,650,0081-9271,1
1717,655,0039-7946,1
1718,656,0564-5042,1
1719,4567,0350-7165,1
1722,4571,0043-5155,1
1723,685,0044-216X,1
1724,689,0341-0137,1
1725,695,0044-233X,1
1726,696,0044-2666,1
1727,697,0044-3239,1
1728,4572,0009-8388,1
1729,4573,0342-1279,1
1730,4574,0003-049X,1
1731,699,0084-5388,1
1732,4575,0350-3623,1
1733,69,0220-6617,1
1734,103,0002-9475,1
1735,4583,8772880562,2
1736,4586,0444511490,2
1737,4588,1575060701,2
1738,4589,0805242260,2
1739,4590,3806214921,2
1740,4591,0415298997,2
1741,4592,3598775482,2
1742,4594,1931909059,2
1743,4597,158948018X,2
1744,4598,0415144981,2
1745,4599,3540436030,2
1746,4600,2035050251,2
1747,4602,0306479966,2
1748,4604,0810945428,2
1749,4605,1844720004,2
1750,4607,1844720047,2
1751,4608,027598012X,2
1752,4609,076580204X,2
1753,4610,0715632256,2
1754,4612,0816053316,2
1755,4613,8880163329,2
1756,4614,887228273X,2
1757,4616,8882651525,2
1758,4617,1575060817,2
1759,4618,0865548951,2
1760,4619,0195083245,2
1762,4621,3700131194,2
1763,4624,0472113313,2
1764,4625,047211333X,2
1765,4626,3930843617,2
1766,4628,1853996610,2
1767,4629,140200821X,2
1768,4631,0080442013,2
1769,4632,3443211224,2
1770,4633,0810847841,2
1771,4636,0415312787,2
1772,4638,041525857X,2
1773,4639,0140265740,2
1774,4640,0904887448,2
1775,4641,0874807670,2
1776,4642,0631218238,2
1777,4644,1931534063,2
1778,4646,8486547644,2
1779,4648,0892367199,2
1780,4649,965220501X,2
1781,4656,0305-0270,1
1782,4676,0365-5717,1
1783,4678,8478202625,2
1784,4680,0160-9645,1
1785,4685,1842170872,2
1786,4691,9080739022,2
1787,4693,1573563927,2
1788,4695,0415259231,2
1789,4696,1402070888,2
1790,4698,063123070X,2
1791,4699,291002332X,2
1792,4701,1559707038,2
1793,4702,0810848481,2
1794,4703,0810991284,2
1795,4704,1882785134,2
1796,4705,1902771273,2
1797,4706,8437620406,2
1798,4708,0748617310,2
1799,4712,3110018853,2
1801,4726,0009-837X,1
1802,4729,0039-2987,1
1803,42,-9876,1
1804,4752,0415230349,2
1805,4754,0691010420,2
1806,4757,0018-2753,1
1807,4758,0009-840X,1
1808,4759,2717714219,2
1809,4760,2717714227,2
1810,4761,2717714332,2
1811,4764,041530265X,2
1812,4765,0415944139,2
1813,4766,3806217874,2
1814,4768,1841715387,2
1815,4770,1841715107,2
1816,4771,9051703619,2
1817,4773,1883925398,2
1818,4778,0520235002,2
1819,4780,8872522242,2
1820,4781,9812383441,2
1821,4782,1844720020,2
1822,4784,0674014618,2
1823,4786,8887621225,2
1824,4788,0810848724,2
1825,4790,0870817396,2
1826,4791,0813026857,2
1827,4793,0750930799,2
1828,4794,8467010061,2
1829,4798,3806207704,2
1830,4799,8497500261,2
1831,4801,9729004129,2
1832,4802,8885643337,2
1833,4804,8478823409,2
1834,4806,0810849046,2
1835,4808,9062584063,2
1837,4810,8492045604,2
1838,4811,2717714499,2
1839,4812,2735502341,2
1841,4815,3806205426,2
1842,4822,8875673306,2
1843,4825,0906090393,2
1844,4826,8390306271,2
1850,4829,0904857085,2
1852,4830,8875141398,2
1853,4831,0071-8416,1
1855,4836,2903504229,2
1856,4840,8822252691,2
1857,4842,1862391270,2
1858,4843,3901232079,2
1859,4845,0812237749,2
1860,4846,8822235614,2
1861,4848,0947816569,2
1862,4850,8390306220,2
1863,3684,9963607101,2
1864,3594,884356417X,2
1865,4854,8640700974,2
1866,3849,9630523752,2
1867,3597,8486329485,2
1868,3683,8870628000,2
1869,3871,8876860967,2
1870,3706,2735101703,2
1871,3588,8871662482,2
1872,3850,2222038162,2
1873,3662,960725404X,2
1874,3662,9607254058,2
1875,3744,0904152170,2
1876,3664,9608516021,2
1878,3829,8876890629,2
1879,3852,8805053295,2
1880,3892,2905564202,2
1881,3927,1850743037,2
1882,3641,3910010121,2
1883,3848,3806211922,2
1884,3625,0860545571,2
1885,3950,8876213473,2
1886,3952,887621352X,2
1887,3601,8878133590,2
1888,3752,8487001785,2
1889,3758,8870882020,2
1890,3930,2841110680,2
1891,3902,3950022104,2
1892,4857,9514107292,2
1893,4858,3806207763,2
1894,4860,3792702703,2
1898,4862,9061868459,2
1899,4866,9171926968,2
1900,93,1233-6246,1
1901,4876,0953-461X,1
1902,4877,0285-4406,1
1903,132,0402-7817,1
1904,135,0790-892X,1
1905,136,0947-4803,1
1906,138,1018-1857,1
1907,146,0154-2656,1
1908,152,0392-0240,1
1909,153,-0054,1
1910,1363,2706104880,2
1913,227,0391-6715,1
1914,4888,0016-7592,1
1915,366,-4270,1
1916,4892,0392-1107,1
1917,196,-3918,1
1918,4895,0392-2391,1
1919,4896,1012-6570,1
1920,407,0022-4995,1
1921,4898,0454-6989,1
1922,427,0182-2411,1
1923,4467,8450041546,2
1924,614,1120-5679,1
1925,3386,0324-1203,1
1926,47,0067-0081,1
1927,4905,-5245,1
1928,4907,0076-0722,1
1929,4909,0011-1767,1
1930,4910,0017-3835,1
1931,4911,0035-869X,1
1932,4494,0076-2741,1
1933,412,0961-3684,1
1934,471,0391-4135,1
1935,4918,0031-6229,1
1937,4920,0458-1520,1
1938,546,-8215,1
1939,742,0394-0160,1
1940,690,0012-1169,1
1941,4925,0044-1481,1
1942,4927,0454-1596,1
1943,109,-5391,1
1944,4928,0003-8032,1
1945,4929,0066-6459,1
1946,654,0039-7679,1
1947,4934,0350-848X,1
1948,4935,0003-8180,1
1949,4936,380621493X,2
1950,4937,1841714887,2
1951,4939,9057890348,2
1952,4941,9756561106,2
1953,4943,0275979474,2
1954,4944,0814627781,2
1955,4945,8478190805,2
1956,4946,3933684137,2
1957,4948,0810849348,2
1958,4950,0292702795,2
1959,4952,0500284679,2
1960,4953,8830416509,2
1961,4954,159333026X,2
1962,4955,8882650952,2
1963,4956,190293721X,2
1964,4957,1841715913,2
1965,4958,900413607X,2
1966,4960,0521787955,2
1967,4962,0470871547,2
1968,4963,0470849193,2
1969,4966,0631230505,2
1970,4968,1405106727,2
1971,4970,0761949631,2
1972,4972,071411958X,2
1973,4973,1841715476,2
1974,4974,0199255245,2
1975,4975,184171562X,2
1976,4977,3805328737,2
1977,4978,0954557514,2
1978,4979,2877237036,2
1979,4981,1841713457,2
1980,4982,1841715484,2
1981,4985,1902699556,2
1982,4987,190269953X,2
1983,4988,0774810289,2
1984,4989,1585443646,2
1985,5018,1841715735,2
1986,5019,1588341720,2
1987,5020,8680651141,2
1988,5021,1862391386,2
1989,5023,975160950X,2
1990,5025,9751608805,2
1991,5028,9751606632,2
1992,5030,9163123061,2
1993,5032,1842125850,2
1994,5033,0892367512,2
1995,5038,1887829555,2
1996,5039,1841715743,2
1997,5040,1841713503,2
1998,5043,9774248201,2
1999,5045,0794600921,2
2000,5046,3805332769,2
2001,5047,377493164X,2
2002,5048,963804621X,2
2003,5050,2877540065,2
2004,5052,1841713295,2
2005,5053,0892367520,2
2006,5054,8888018093,2
2007,5055,1887829563,2
2008,5056,8878131946,2
2009,5057,8878141852,2
2010,5060,184171514X,2
2011,5061,1930487053,2
2012,5063,0312313934,2
2013,5064,0521656303,2
2014,5066,9004123210,2
2015,5069,1589480627,2
2016,5070,0415302161,2
2017,5071,1861891814,2
2018,5072,8834310039,2
2019,5076,0761815201,2
2020,5077,0813920574,2
2021,5078,3161482565,2
2022,5080,1931745048,2
2023,5081,8820035707,2
2024,5083,888319554X,2
2025,5089,3806202230,2
2026,5092,3922469574,2
2027,5095,0752431145,2
2028,5099,0816523436,2
2029,5100,0631235337,2
2030,5101,817764369X,2
2031,5104,1575060825,2
2032,5109,0631234012,2
2033,5111,1841715972,2
2034,5112,1842171143,2
2035,5113,3161481887,2
2036,5115,081223801X,2
2037,5117,3805318774,2
2038,5118,3631507593,2
2039,5120,0521828279,2
2040,5123,305003792X,2
2041,5125,0130351237,2
2042,5126,3700132786,2
2043,5129,2251440062,2
2044,5131,0826463487,2
2045,5133,0195149653,2
2046,5134,8815086366,2
2047,5136,2503511686,2
2048,5138,3406107559,2
2049,5140,0786415207,2
2050,5142,8880991019,2
2051,5143,0380973103,2
2052,5144,8817867314,2
2053,5145,2724702980,2
2054,5147,0816057303,2
2055,5148,0947816577,2
2056,5150,8779340857,2
2057,5152,1862201528,2
2058,5156,0415258898,2
2059,5157,1586034243,2
2060,5161,8495172313,2
2061,5162,8388857363,2
2062,5163,0415224306,2
2063,5164,058250578X,2
2064,5165,3900305323,2
2065,5167,9652205249,2
2066,5168,9654060310,2
2067,5170,1580461719,2
2068,5172,3525539738,2
2069,5173,9950300207,2
2070,5174,8887472203,2
2071,5175,1841716073,2
2072,5177,0534407838,2
2073,5178,1565849078,2
2074,5179,2728306915,2
2075,5180,2724703340,2
2076,5182,085323860X,2
2077,5185,1901992195,2
2078,5186,1841716146,2
2079,5187,1931534098,2
2080,5188,2907303767,2
2081,5190,9071868567,2
2082,5193,8871401875,2
2083,5195,8890074000,2
2084,5199,193153408X,2
2085,5200,3805333242,2
2086,5201,3774930112,2
2087,55,0184-7651,2
2090,5203,0816523231,2
2091,5204,1842170961,2
2092,5205,0300104642,2
2093,5206,888289763X,2
2094,5208,8821809161,2
2095,5210,0471451495,2
2096,5211,156670443X,2
2097,5212,0130081574,2
2098,5213,0520239229,2
2099,5214,1901992179,2
2100,5215,1901992349,2
2101,5216,0720000580,2
2102,5217,8876421173,2
2103,5218,8493204323,2
2104,5221,8495983214,2
2105,5224,8822250915,2
2106,5228,3899370422,2
2107,5230,887621139X,2
2109,4444,0449-1564,1
2110,4904,1105-0950,1
2111,4480,0065-0536,1
2112,5233,1555572146,2
2113,5236,352582386X,2
2114,5237,083897581X,2
2115,5239,075463373X,2
2116,5241,1931707626,2
2117,5242,9068310291,2
2118,5244,9042913525,2
2119,5246,0954400615,2
2120,5248,1841716014,2
2121,5249,9608145279,2
2122,5250,1859738257,2
2123,5251,1569021791,2
2124,5252,0415318335,2
2125,5253,1844720381,2
2126,5254,0759105936,2
2127,5257,0674014898,2
2128,5262,0195165896,2
2129,5263,0195221486,2
2130,5265,0873655508,2
2131,5267,193247613X,2
2132,5269,0534627285,2
2133,5271,9507211764,2
2134,5272,1591430054,2
2135,5273,0534612946,2
2136,5276,5857467020,2
2137,5277,8843020684,2
2138,5279,887228306X,2
2139,5282,290318982X,2
2140,5283,1886398453,2
2141,5286,0313327203,2
2142,5288,8887235295,2
2143,5290,8887235333,2
2144,5292,0195221478,2
2145,5293,1405101563,2
2146,5294,9652660183,2
2147,5297,8878142662,2
2148,5299,8173052522,2
2149,5301,8178240491,2
2150,5303,8124602387,2
2151,5305,9090049797,2
2152,5306,1850434409,2
2153,5307,0415946344,2
2154,5309,1841716286,2
2155,5311,0876610939,2
2156,5313,8882652149,2
2157,5316,8877432985,2
2158,5319,0813534690,2
2159,5321,0203511808,2
2160,5324,2728306265,2
2161,5325,1901992314,2
2162,5326,190199211X,2
2163,5328,8843027379,2
2164,5329,8849805985,2
2165,5331,1931707731,2
2166,5334,8885991246,2
2167,5336,1841716162,2
2168,5337,1842171089,2
2169,5340,0759103429,2
2170,5341,1841716197,2
2171,5342,0300104030,2
2172,5343,0953910210,2
2173,5344,0897570677,2
2174,5345,0752428896,2
2175,5346,2910023346,2
2176,5348,1883925401,2
2177,3811,2905375051,2
2178,4302,0153-5021,1
2179,4363,0570-6211,1
2181,30,0341-1184,1
2185,4369,0118-098X,1
2186,56,0294-6017,1
2187,3988,1011-1557,1
2188,75,1153-3277,1
2189,90,0084-585X,1
2190,95,0330-8235,1
2191,105,0232-8461,1
2192,4138,0418-7296,1
2193,121,0570-1716,1
2194,5354,0813027772,2
2195,5356,086516570X,2
2196,5357,3700132247,2
2197,5360,0674016831,2
2198,5368,0188-8218,1
2199,5369,1860773036,2
2200,5370,0012986577,2
2201,5371,1841716782,2
2202,5372,1841716790,2
2203,5373,9549071464,2
2204,5374,9001774113,2
2205,5376,8876891269,2
2206,5377,8882652394,2
2207,5379,8884430348,2
2208,5382,0870137387,2
2209,139,0724-8954,1
2210,609,0300-340X,1
2211,636,0221-5004,1
2214,5385,0044-8605,1
2216,4733,0029-8824,1
2217,1222,9068312596,2
2220,4208,5120006892,2
2221,4440,0004-6604,1
2222,4568,0350-8447,1
2223,5386,1842171097,2
2224,5387,089236775X,2
2225,5388,052181068X,2
2226,5389,8779341187,2
2227,5391,0715632841,2
2228,5392,3774932034,2
2229,5393,0521840333,2
2230,5394,0781810337,2
2231,5397,1861974078,2
2232,5400,9170421676,2
2233,3826,8880990586,2
2234,3831,8478201289,2
2235,3833,8839202846,2
2236,3835,3806212031,2
2237,3839,8874483791,2
2238,3840,8822017742,2
2239,3842,0859893308,2
2240,3846,8460507483,2
2241,3854,5520010129,2
2242,3860,8460503593,2
2243,3862,3882262060,2
2244,3864,3882261749,2
2245,3865,8824004717,2
2246,3866,8876890718,2
2247,3868,8805055018,2
2248,3874,2877720985,2
2249,3876,8472340198,2
2250,3878,8877790377,2
2251,3879,8878140392,2
2252,3881,8874486111,2
2253,3882,8878131849,2
2254,3884,8474235669,2
2255,3886,0852243456,2
2256,3893,3900532265,2
2257,3895,0860547213,2
2258,3896,8876891056,2
2259,3897,0860540197,2
2260,3898,8874482442,2
2261,3900,2720010367,2
2262,3913,8870581578,2
2263,3914,8822103629,2
2264,3920,8872282004,2
2265,3925,2200212240,2
2266,3932,5120038697,2
2267,3933,5856540204,2
2268,3967,1854170465,2
2269,3972,8885066666,2
2270,4095,9721026271,2
2271,4104,3806202117,2
2272,4114,2877720624,2
2273,4120,3854540698,2
2274,4123,3529011657,2
2275,4157,0167-5443,1
2278,4166,2728801371,2
2279,4171,8886209037,2
2280,4203,2865382656,2
2281,4214,502010017X,2
2282,4217,8671230198,2
2283,4224,8472832740,2
2284,4232,09047400103,2
2285,4245,9960738035,2
2286,4245,99602719X,2
2287,4281,287772073X,2
2288,4291,5529004946,2
2289,4292,8450562589,2
2290,4322,0860545199,2
2291,4327,2901315305,2
2292,4328,3700544200,2
2293,4358,0351-8884,1
2295,4365,0014-2182,1
2296,4445,1106-5311,1
2297,4498,0016-7398,1
2298,4234,0037-9379,1
2299,145,0066-605X,1
2300,169,0004-0363,1
2301,205,0075-2835,1
2302,202,0755-916X,1
2303,218,0211-4224,1
2304,228,0344-810X,1
2305,256,0765-104X,1
2306,292,0036-6145,1
2307,295,0176-2354,1
2308,305,0962-2837,1
2309,338,0772-7151,1
2310,361,1130-0515,1
2314,4241,0890-4464,1
2315,393,0070-4415,1
2316,409,1047-7594,1
2317,439,0263-7189,1
2318,459,0342-118X,1
2320,503,1122-259X,1
2321,506,0153-9345,1
2322,538,0079-497X,1
2323,542,0394-0802,1
2324,567,0070-2374,1
2325,579,0330-843X,1
2326,621,0334-4509,1
2327,630,0560-1894,1
2328,661,1013-8919,1
2329,669,1010-9161,1
2330,4373,1047-4838,1
2336,4716,1126-3393,1
2337,4930,0258-2600,1
2338,4914,0342-1287,1
2340,4742,1300-6444,1
2341,4740,0997-5306,1
2342,4736,0174-6545,1
2343,4682,0997-5322,1
2344,4578,0392-5285,1
2345,4570,0043-5082,1
2351,4532,0033-1856,1
2352,4523,0223-5110,1
2353,4522,0223-5102,1
2354,4502,0351-0336,1
2355,4495,0390-6833,1
2356,4481,0755-7256,1
2357,4475,0041-977X,1
2358,4447,1128-7209,1
2359,4430,0132-3776,1
2360,4415,0210-3729,1
2361,4386,0169-6572,1
2362,4382,0457-5679,1
2364,4374,0378-8180,1
2365,5317,8888420055,2
2366,5153,090583334,2
2367,4852,552000478X,2
2368,4823,3786113378,2
2370,5489,3774924163,2
2371,5494,3700106343,2
2372,5491,3774919321,2
2373,5495,3700116985,2
2374,5496,3476014703,2
2375,5498,1496-9343,1
2376,5502,2-251-01153-6,2
2377,5502,978-2-251-01153,2
2378,901,0257-4101,1
2380,2150,0723-4333,1
2382,1616,0768-2352,1
